business_name,product_name,phone,address,city,area,website,email,rating,reviews,category,source_url,date_collected,has_website
Ayush Motors INDIA Pvt Ltd,,,,delhi,,,,4.0,1258,water tanker,https://www.justdial.com/Delhi/Water-Tanker-Dealers/nct-12046517,2026-02-19T01:04:03.574979,False
Praveen Kumar,,,,delhi,,,,4.1,720,water tanker,https://www.justdial.com/Delhi/Water-Tanker-Dealers/nct-12046517,2026-02-19T01:04:03.588359,False
Surendar Singh,,,,delhi,,,,4.2,13,water tanker,https://www.justdial.com/Delhi/Water-Tanker-Dealers/nct-12046517,2026-02-19T01:04:03.588513,False
Autovikas Sales Service Pvt. Ltd. (TATA Motors),,,,delhi,,,,4.7,6021,water tanker,https://www.justdial.com/Delhi/Water-Tanker-Dealers/nct-12046517,2026-02-19T01:04:03.588558,False
Sparsh Auto Tech Pvt Ltd,,,,delhi,,,,4.2,2581,water tanker,https://www.justdial.com/Delhi/Water-Tanker-Dealers/nct-12046517,2026-02-19T01:04:03.588594,False
Pasco Motors,,,,delhi,,,,4.9,2162,water tanker,https://www.justdial.com/Delhi/Water-Tanker-Dealers/nct-12046517,2026-02-19T01:04:03.588627,False
Pascos,,,,delhi,,,,4.1,2300,water tanker,https://www.justdial.com/Delhi/Water-Tanker-Dealers/nct-12046517,2026-02-19T01:04:03.588663,False
Chadha Sales Pvt Ltd,,,,delhi,,,,4.7,608,water tanker,https://www.justdial.com/Delhi/Water-Tanker-Dealers/nct-12046517,2026-02-19T01:04:03.589027,False
Triumph Auto Engg (TATA Motors),,,,delhi,,,,4.2,263,water tanker,https://www.justdial.com/Delhi/Water-Tanker-Dealers/nct-12046517,2026-02-19T01:04:03.589494,False
Cargo Motors Delhi Pvt Ltd,,,,delhi,,,,4.2,213,water tanker,https://www.justdial.com/Delhi/Water-Tanker-Dealers/nct-12046517,2026-02-19T01:04:03.589919,False
Cargo Motors Pvt Ltd,,,,delhi,,,,4.4,187,water tanker,https://www.justdial.com/Delhi/Water-Tanker-Dealers/nct-12046517,2026-02-19T01:04:03.590028,False
Mittal Automobiles Ltd,,,,delhi,,,,4.1,186,water tanker,https://www.justdial.com/Delhi/Water-Tanker-Dealers/nct-12046517,2026-02-19T01:04:03.590098,False
Autodeck,,,,delhi,,,,3.3,150,water tanker,https://www.justdial.com/Delhi/Water-Tanker-Dealers/nct-12046517,2026-02-19T01:04:03.590431,False
Ashok Auto,,,,delhi,,,,4.2,117,water tanker,https://www.justdial.com/Delhi/Water-Tanker-Dealers/nct-12046517,2026-02-19T01:04:03.590510,False
Shiva Motors,,,,delhi,,,,4.0,117,water tanker,https://www.justdial.com/Delhi/Water-Tanker-Dealers/nct-12046517,2026-02-19T01:04:03.590582,False
Balaji Automobiles,,,,delhi,,,,3.9,114,water tanker,https://www.justdial.com/Delhi/Water-Tanker-Dealers/nct-12046517,2026-02-19T01:04:03.590627,False
